cs_count,avg_dist_to_center,avg_nearest_neighbor,std_nearest_neighbor,min_distance
215,5038.543871311992,6786.67922096243,3577.0666309566395,10.697756774202084
