cs_count,avg_dist_to_center,avg_nearest_neighbor,std_nearest_neighbor,min_distance
13,4040.8861553951715,5935.488850029637,2848.41848105171,285.97986729838203
