cs_count,avg_dist_to_center,avg_nearest_neighbor,std_nearest_neighbor,min_distance
13,4798.675666083471,7159.921193800156,3990.1355078315987,778.250005396723
